{"cameraMode":{"drawMode":0,"name":"Shaded","section":"Shading Mode"},"sceneLighting":true,"audioPlay":false,"sceneViewState":{"showFog":true,"showMaterialUpdate":false,"showSkybox":true,"showFlares":true,"showImageEffects":true,"showParticleSystems":true},"in2DMode":false,"pivot":{"x":2.051762580871582,"y":0.4892549514770508,"z":2.4849634170532228},"rotation":{"x":0.19980314373970033,"y":0.11201032996177674,"z":-0.022992746904492379,"w":0.9731582403182983},"size":16.69123649597168,"orthographic":false}