{"cameraMode":{"drawMode":0,"name":"Shaded","section":"Shading Mode"},"sceneLighting":true,"audioPlay":false,"sceneViewState":{"showFog":true,"showMaterialUpdate":false,"showSkybox":true,"showFlares":true,"showImageEffects":true,"showParticleSystems":true},"in2DMode":false,"pivot":{"x":929.0029907226563,"y":15.817127227783204,"z":100.71115112304688},"rotation":{"x":0.040230970829725268,"y":-0.9517349004745483,"z":0.14238077402114869,"w":0.26893940567970278},"size":22.8475399017334,"orthographic":false}